,seq,inhibition,nm,num_A,num_C,num_G,num_T,cg_ratio,tm,LMNA_pos,LMNA_open_ratio,LMNA_open_len,posi,nega
0,GGGCTCTGGGCTCCTGAGCC,3,75,1,7,8,4,0.75,70,-1,-1.0,-1,1,0
1,CCGAGCTGCTGCAGTGGGAG,42,75,3,5,9,3,0.7,68,1700,0.25,2,0,0
2,GCAGGTCCCGCACAGCACGG,61,75,4,8,7,1,0.75,70,1753,0.1,1,1,0
3,TGGCAGATGCCTTGTCGGCA,21,75,3,5,7,5,0.6,64,1781,0.35,5,0,0
4,GAGCCGCTGGCAGATGCCTT,24,75,3,6,7,4,0.65,66,1788,0.2,2,0,0
5,CTGAGCCGCTGGCAGATGCC,60,75,3,7,7,3,0.7,68,1790,0.15,1,0,0
6,AGGAGATGGGTCCGCCCACC,44,75,4,7,7,2,0.7,68,1817,0.15,1,1,0
7,CAGAGGAGATGGGTCCGCCC,38,75,4,6,8,2,0.7,68,1820,0.2,1,0,0
8,GCCAGAGGAGATGGGTCCGC,54,75,4,5,9,2,0.7,68,1822,0.2,1,1,0
9,GAGCCAGAGGAGATGGGTCC,43,75,5,4,9,2,0.65,66,1824,0.15,1,1,0
10,TGGAGGCAGAAGAGCCAGAG,50,75,7,3,9,1,0.6,64,1835,0.1,1,1,0
11,ACACTGGAGGCAGAAGAGCC,43,75,7,5,7,1,0.6,64,1839,0.1,2,0,1
12,TGACACTGGAGGCAGAAGAG,44,75,7,3,8,2,0.55,62,1841,0.1,2,0,1
13,CCGTGACACTGGAGGCAGAA,47,75,6,5,7,2,0.6,64,1844,0.1,2,0,1
14,AGTGACCGTGACACTGGAGG,69,75,5,4,8,3,0.6,64,1849,0.15,2,0,1
15,CTGCGAGTGACCGTGACACT,67,75,4,6,6,4,0.6,64,1854,0.2,2,0,0
16,GGTAGCTGCGAGTGACCGTG,71,75,3,4,9,4,0.65,66,1859,0.25,3,0,0
17,TCTGGGTTCGGGGGCTGGAG,54,75,1,3,11,5,0.7,68,1949,0.5,5,0,2
18,GGCTCTGGGTTCGGGGGCTG,3,75,0,4,11,5,0.75,70,1952,0.35,2,1,2
19,GGGCTCTGGGTTCGGGGGCT,13,75,0,4,11,5,0.75,70,1953,0.3,2,1,2
20,TCTGGGGGCTCTGGGTTCGG,15,75,0,4,10,6,0.7,68,1958,0.4,3,1,2
21,AGTTCTGGGGGCTCTGGGTT,0,75,1,3,9,7,0.6,64,1961,0.3,3,1,2
22,CTGCAGTTCTGGGGGCTCTG,38,75,1,5,8,6,0.65,66,1965,0.3,3,1,2
23,CCAGATTACATGATGCTGCA,75,75,6,5,4,5,0.45,58,-1,-1.0,-1,0,0
24,TGGCAGGTCCCAGATTACAT,73,75,5,5,5,5,0.5,60,-1,-1.0,-1,1,0
25,TTTCCTGGAAGCAGGGAAAA,41,75,7,3,6,4,0.45,58,-1,-1.0,-1,0,2
26,CCCTCTTTGGTTTTAAGGCA,81,75,3,5,4,8,0.45,58,-1,-1.0,-1,1,1
27,TCTAGAGGAAGCCCTCTTTG,45,75,4,5,5,6,0.5,60,-1,-1.0,-1,1,0
28,TGGCTTCTAGAGGAAGCCCT,15,75,4,5,6,5,0.55,62,-1,-1.0,-1,0,0
29,CTTGGCTTCTAGAGGAAGCC,10,75,4,5,6,5,0.55,62,-1,-1.0,-1,0,0
30,CTATAAAAGCACCCCTTTCC,0,75,6,8,1,5,0.45,58,-1,-1.0,-1,0,3
31,AGCTAGCCTCTATAAAAGCA,34,75,8,5,3,4,0.4,56,-1,-1.0,-1,1,3
32,AAAAGCAGAAGCTAGCCTCT,67,75,8,5,4,3,0.45,58,-1,-1.0,-1,1,2
33,AGGGCAGAAAAGCAGAAGCT,17,75,9,3,7,1,0.5,60,-1,-1.0,-1,0,2
34,AGGCACCATGTCACAGGGTC,85,75,5,6,6,3,0.6,64,-1,-1.0,-1,0,0
35,GCCTGCCTCTCAGGCACCAT,51,75,3,9,4,4,0.65,66,-1,-1.0,-1,1,0
36,GGCTGGCGGAGAAGCCTCTA,49,75,4,5,8,3,0.65,66,-1,-1.0,-1,1,0
37,TGAGCCTGCCGTCCAGAGGA,40,75,4,6,7,3,0.65,66,-1,-1.0,-1,0,0
38,ATCACAGCAGGCCAAGCCCA,33,75,7,8,4,1,0.6,64,-1,-1.0,-1,1,0
39,CCAGGTGTAGTGGAATCACA,73,75,6,4,6,4,0.5,60,-1,-1.0,-1,0,0
40,TGGTACCTGGGAGAATGGAC,43,75,5,3,8,4,0.55,62,-1,-1.0,-1,0,0
41,CTGGTACCTGGGAGAATGGA,38,75,5,3,8,4,0.55,62,-1,-1.0,-1,0,0
42,AGCTGGTACCTGGGAGAATG,36,75,5,3,8,4,0.55,62,-1,-1.0,-1,0,0
43,AAAGCAAGCGCAGCTGGTAC,81,75,7,5,6,2,0.55,62,-1,-1.0,-1,0,1
44,ACAGAAAAGCAAGCGCAGCT,84,75,9,5,5,1,0.5,60,-1,-1.0,-1,0,2
45,TCTTGTCTAAATAAAATACA,12,75,9,3,1,7,0.2,48,-1,-1.0,-1,0,5
46,ATCTCTTGTCTAAATAAAAT,0,75,8,3,1,8,0.2,48,-1,-1.0,-1,1,5
47,GCAGCTCAAACTCACCTTTC,80,75,5,8,2,5,0.5,60,-1,-1.0,-1,1,1
48,GGAAGGCAGCTCAAACTCAC,69,75,7,6,5,2,0.55,62,-1,-1.0,-1,1,1
49,CTAGGGAAGGCAGCTCAAAC,69,75,7,5,6,2,0.55,62,-1,-1.0,-1,0,1
50,AGAGCCCACCCAGGGTCTAA,38,75,6,7,5,2,0.6,64,-1,-1.0,-1,1,1
51,CAGTGACTGCACAGAGCCCA,70,75,6,7,5,2,0.6,64,-1,-1.0,-1,0,1
52,AGAAACAACTAGTGTATTGA,68,75,9,2,4,5,0.3,52,-1,-1.0,-1,0,1
53,TCTGGGCTCCTGAGCCGCTG,26,75,1,7,7,5,0.7,68,-1,-1.0,-1,0,0
54,GGCTCTGGGCTCCTGAGCCG,16,75,1,7,8,4,0.75,70,-1,-1.0,-1,1,0
55,CTGGGGGCTCTGGGCTCCTG,22,75,0,6,9,5,0.75,70,-1,-1.0,-1,1,2
56,TTCTGGGGGCTCTGGGCTCC,25,75,0,6,8,6,0.7,68,-1,-1.0,-1,1,2
57,GTTCTGGGGGCTCTGGGCTC,27,75,0,5,9,6,0.7,68,-1,-1.0,-1,1,2
58,TGCAGTTCTGGGGGCTCTGG,43,75,1,4,9,6,0.65,66,1964,0.3,3,1,2
59,ATGCTGCAGTTCTGGGGGCT,17,75,2,4,8,6,0.6,64,1968,0.3,3,0,2
60,ATGGCATCAGAAAGTTCCCA,59,75,7,5,4,4,0.45,58,-1,-1.0,-1,1,1
61,AGGAATATTCCATGGCATCA,50,75,7,4,4,5,0.4,56,-1,-1.0,-1,0,0
62,TCCCACAGGAATATTCCATG,63,75,6,6,3,5,0.45,58,-1,-1.0,-1,2,0
63,GATATGCATGCAACAAGAAT,0,75,9,3,4,4,0.35,54,-1,-1.0,-1,0,0
64,GGAGCAAGCTTGTAGGGCAG,16,75,5,3,9,3,0.6,64,-1,-1.0,-1,0,0
65,CTCTGAGCTTAAGAGGAAAA,22,75,8,3,5,4,0.4,56,-1,-1.0,-1,1,3
66,AGGCAGGAAGGTGTGGTTCT,42,75,4,2,9,5,0.55,62,-1,-1.0,-1,0,0
67,GAAGGGAGACAAGGCTCAGG,38,75,7,3,9,1,0.6,64,-1,-1.0,-1,0,0
68,GATTTGGAGACAAAGCAGAG,43,75,8,2,7,3,0.45,58,-1,-1.0,-1,0,1
69,AGGATTTGGAGACAAAGCAG,41,75,8,2,7,3,0.45,58,-1,-1.0,-1,0,1
70,GCAGGATTTGGAGACAAAGC,50,75,7,3,7,3,0.5,60,-1,-1.0,-1,0,1
71,TGCAGGATTTGGAGACAAAG,50,75,7,2,7,4,0.45,58,-1,-1.0,-1,0,1
72,CCCGCCTGCAGGATTTGGAG,47,75,3,6,7,4,0.65,66,-1,-1.0,-1,0,0
73,ACCAGGGACCCGCCTGCAGG,40,75,4,8,7,1,0.75,70,-1,-1.0,-1,0,0
74,CCCTCGATGACCAGGGACCC,48,75,4,9,5,2,0.7,68,-1,-1.0,-1,0,0
75,ACCCCTCGATGACCAGGGAC,43,75,5,8,5,2,0.65,66,-1,-1.0,-1,0,0
76,GTCCTACCCCTCGATGACCA,38,75,4,9,3,4,0.6,64,-1,-1.0,-1,0,0
77,CTGCGGAAGAGAAGGCAGGC,31,75,6,4,9,1,0.65,66,-1,-1.0,-1,0,0
78,GTTCCTCCTTCATGGTCTGC,93,100,1,7,4,8,0.55,62,590,0.4,3,0,0
79,TCTTGGCCTCACCTAGGGCT,82,100,2,7,5,6,0.6,64,521,0.35,3,0,0
80,TGCCCAGCCTTCAGGGTGAA,61,100,4,6,6,4,0.6,64,1458,0.35,4,0,0
81,GAAGCTGCTGCGGCTCTCAG,75,100,3,6,7,4,0.65,66,1270,0.2,2,1,0
82,CAACCACAGTCACTGAGCGC,76,100,6,8,4,2,0.6,64,1631,0.35,3,1,1
83,CAGCCCTGCGTTCTCCGTTT,81,100,1,8,4,7,0.6,64,157,0.4,4,0,0
84,GAGTGAGAGGAAGCACGGCC,51,100,6,4,9,1,0.65,66,1197,0.05,1,0,0
85,CTGTAGATGTTCTTCTGGAA,63,100,4,3,5,8,0.4,56,615,0.4,3,0,0
86,CTGCGTTCTCCGTTTCCAGC,85,100,1,8,4,7,0.6,64,152,0.45,4,0,0
87,AGCAGCCGCCGGCTGGTGTC,56,100,2,7,8,3,0.75,70,993,0.25,2,0,1
88,TTGGTGGGAACCGGTAAGTC,60,100,4,3,8,5,0.55,62,1436,0.2,1,0,2
89,TGTTCCTCTCAGCAGACTGC,86,100,3,7,4,6,0.55,62,824,0.4,7,1,1
90,GGTAAGTCAGCAAGGGATCA,75,100,7,3,7,3,0.5,60,1424,0.25,2,0,1
91,TGGTGGGAACCGGTAAGTCA,59,100,5,3,8,4,0.55,62,1435,0.2,1,0,2
92,CTCACGCAGCTCCTCACTGT,73,100,3,9,3,5,0.6,64,631,0.5,5,0,1
93,GCAGCCCCAGGTGTTCTGTG,60,100,2,6,7,5,0.65,66,1546,0.5,9,0,0
94,GAGACTGCTCGGAGTCGGAG,55,100,4,4,9,3,0.65,66,-1,-1.0,-1,0,1
95,TGGTCTGCAGCCTGTTCTCA,93,100,2,6,5,7,0.55,62,578,0.3,4,0,0
96,TGCGGCTCTCAGTGGACTCC,85,100,2,7,6,5,0.65,66,1262,0.25,2,2,0
97,TGCTGTTCCTCTCAGCAGAC,61,100,3,7,4,6,0.55,62,827,0.45,7,1,0
98,GCTTGGTCTCACGCAGCTCC,85,100,2,8,5,5,0.65,66,638,0.55,8,0,0
99,TGATGGAGCAGGTCATCTCC,29,100,4,5,6,5,0.55,62,1671,0.45,8,0,0
100,AGAGCCGTACGCAGGCTGTT,49,100,4,5,7,4,0.6,64,1569,0.35,4,0,0
101,AAGGCGCAGCCCTGCGTTCT,55,100,3,7,6,4,0.65,66,163,0.45,4,0,0
102,GAGTCCTCCAGGTCTCGAAG,60,100,4,6,6,4,0.6,64,957,0.3,4,0,0
103,GGTCACCCTCCTTCTTGGTA,75,100,2,7,4,7,0.55,62,359,0.55,8,0,0
104,ACAGCGGAGTGGAGCTGGCC,68,100,4,5,9,2,0.7,68,44,0.25,4,0,0
105,CTGCCAATTGCCCATGGACT,6,100,4,7,4,5,0.55,62,1384,0.35,3,1,0
106,CTGCTTCTGGAGCTGGCTGA,17,100,2,5,7,6,0.6,64,916,0.45,5,0,0
107,CGCGCTTTCAGCTCCTTAAA,86,100,4,7,3,6,0.5,60,336,0.35,4,0,2
108,ATCCTGAAGTTGCTTCTTGG,75,100,3,4,5,8,0.45,58,535,0.35,3,0,0
109,GTCTTGCGGGCATCCCCGAG,64,100,2,7,7,4,0.7,68,252,0.3,4,1,0
110,GGTGATGCGAAGGCGCAGCC,71,100,4,5,9,2,0.7,68,172,0.35,5,0,0
111,TGCTGTGAGAAGCTGCTGCG,77,100,3,4,8,5,0.6,64,1278,0.1,1,0,0
112,CCACCCTGTGTCTGGGATGA,82,100,3,6,6,5,0.6,64,1215,0.4,8,1,0
113,TGGGAACCGGTAAGTCAGCA,64,100,6,4,7,3,0.55,62,1432,0.25,2,0,2
114,GGCCTCGTAGGCGGCCTTGA,54,100,2,6,8,4,0.7,68,229,0.55,7,0,0
