,chr,pos,geneinfo,hgvs,dn,sg
0,MT,8838,MT-ATP6:4508|MT-CO3:4514|MT-CYB:4519|MT-ND3:4537|MT-ND4:4538|MT-ND4L:4539|MT-ND5:4540|MT-ND6:4541|MT-TE:4556|MT-TG:4563,['NC_012920.1:m.8839_14895del'],['Mitochondrial_disease'],['Pathogenic']
1,MT,10104,MT-CYB:4519|MT-ND3:4537|MT-ND4:4538|MT-ND4L:4539|MT-ND5:4540|MT-ND6:4541|MT-TE:4556|MT-TH:4564|MT-TL2:4568|MT-TR:4573,['NC_012920.1:m.10106_15067del'],['Mitochondrial_disease'],['Pathogenic']
2,MT,11262,MT-CYB:4519|MT-ND4:4538|MT-ND5:4540|MT-ND6:4541|MT-TE:4556|MT-TH:4564|MT-TL2:4568|MT-TS2:4575,['NC_012920.1:m.11263_15374del'],['Mitochondrial_disease'],['Pathogenic']
3,MT,12113,MT-ND4:4538|MT-ND5:4540|MT-ND6:4541|MT-TH:4564|MT-TL2:4568|MT-TS2:4575,['NC_012920.1:m.12114_14420del'],['Mitochondrial_disease'],['Pathogenic']
4,MT,14153,MT-ND6:4541,['NC_012920.1:m.14153T>C'],['Leigh_syndrome'],['Likely_benign']
5,MT,14154,MT-ND6:4541,['NC_012920.1:m.14154T>G'],['Leigh_syndrome'],['Uncertain_significance']
6,MT,14162,MT-ND6:4541,['NC_012920.1:m.14162G>A'],['Leigh_syndrome'],['Benign']
7,MT,14163,MT-ND6:4541,['NC_012920.1:m.14163C>T'],['Leigh_syndrome'],['Benign']
8,MT,14178,MT-ND6:4541,['NC_012920.1:m.14178T>C'],['Leigh_syndrome'],['Benign']
9,MT,14180,MT-ND6:4541,['NC_012920.1:m.14180T>C'],['Leigh_syndrome'],['Benign']
10,MT,14180,MT-ND6:4541,['NC_012920.1:m.14180T>G'],['Leigh_syndrome'],['Uncertain_significance']
11,MT,14181,MT-ND6:4541,['NC_012920.1:m.14181A>G'],['Leigh_syndrome'],['Likely_benign']
12,MT,14189,MT-ND6:4541,['NC_012920.1:m.14189A>G'],['Leigh_syndrome'],['Likely_benign']
13,MT,14193,MT-ND6:4541,['NC_012920.1:m.14193A>G'],['Leigh_syndrome'],['Likely_benign']
14,MT,14198,MT-ND6:4541,['NC_012920.1:m.14198G>A'],['Leigh_syndrome'],['Benign']
15,MT,14199,MT-ND6:4541,['NC_012920.1:m.14199T>C'],['Leigh_syndrome'],['Uncertain_significance']
16,MT,14207,MT-ND6:4541,['NC_012920.1:m.14207G>A'],['Leigh_syndrome'],['Benign']
17,MT,14210,MT-ND6:4541,['NC_012920.1:m.14210A>G'],['Leigh_syndrome'],['Uncertain_significance']
18,MT,14211,MT-ND6:4541,['NC_012920.1:m.14211C>T'],['Leigh_syndrome'],['Benign']
19,MT,14225,MT-ND6:4541,['NC_012920.1:m.14225C>T'],['Leigh_syndrome'],['Uncertain_significance']
20,MT,14226,MT-ND6:4541,['NC_012920.1:m.14226G>A'],['Leigh_syndrome'],['Benign']
21,MT,14231,MT-ND6:4541,['NC_012920.1:m.14231T>C'],['Leigh_syndrome'],['Uncertain_significance']
22,MT,14234,MT-ND6:4541,['NC_012920.1:m.14234T>C'],['Leigh_syndrome'],['Uncertain_significance']
23,MT,14243,MT-ND6:4541,['NC_012920.1:m.14248dup'],['Oxyphilic_adenoma'],['Pathogenic']
24,MT,14249,MT-ND6:4541,['NC_012920.1:m.14249G>A'],['Leigh_syndrome'],['Benign']
25,MT,14256,MT-ND6:4541,['NC_012920.1:m.14256T>C'],['Leigh_syndrome'],['Benign']
26,MT,14258,MT-ND6:4541,['NC_012920.1:m.14258G>A'],['Leigh_syndrome'],['Benign']
27,MT,14259,MT-ND6:4541,['NC_012920.1:m.14259G>A'],['Leigh_syndrome'],['Benign']
28,MT,14276,MT-ND6:4541,['NC_012920.1:m.14276C>T'],['Leigh_syndrome'],['Uncertain_significance']
29,MT,14279,MT-ND6:4541,['NC_012920.1:m.14279G>A'],['Leber_optic_atrophy|Leigh_syndrome'],['Uncertain_significance']
30,MT,14280,MT-ND6:4541,['NC_012920.1:m.14280A>C'],['Leigh_syndrome'],['Likely_benign']
31,MT,14280,MT-ND6:4541,['NC_012920.1:m.14280A>G'],['Leigh_syndrome'],['Benign']
32,MT,14297,MT-ND6:4541,['NC_012920.1:m.14297A>G'],['Leigh_syndrome'],['Uncertain_significance']
33,MT,14301,MT-ND6:4541,['NC_012920.1:m.14301T>C'],['Leigh_syndrome'],['Uncertain_significance']
34,MT,14307,MT-ND6:4541,['NC_012920.1:m.14307T>C'],['Leigh_syndrome'],['Uncertain_significance']
35,MT,14312,MT-ND6:4541,['NC_012920.1:m.14312A>G'],['Leigh_syndrome'],['Benign']
36,MT,14315,MT-ND6:4541,['NC_012920.1:m.14315C>T'],['Leigh_syndrome'],['Benign']
37,MT,14318,MT-ND6:4541,['NC_012920.1:m.14318T>C'],['Leigh_syndrome'],['Benign']
38,MT,14319,MT-ND6:4541,['NC_012920.1:m.14319T>C'],"['Leigh_syndrome|Parkinson_disease_6', '_autosomal_recessive_early-onset']",['Benign']
39,MT,14325,MT-ND6:4541,['NC_012920.1:m.14325T>C'],['Leber_optic_atrophy|Leigh_syndrome'],['Benign']
40,MT,14328,MT-ND6:4541,['NC_012920.1:m.14328C>T'],['Leigh_syndrome'],['Uncertain_significance']
41,MT,14334,MT-ND6:4541,['NC_012920.1:m.14334C>T'],['Leigh_syndrome'],['Likely_benign']
42,MT,14339,MT-ND6:4541,['NC_012920.1:m.14339A>G'],['Leigh_syndrome'],['Uncertain_significance']
43,MT,14340,MT-ND6:4541,['NC_012920.1:m.14340C>T'],['Leigh_syndrome'],['Likely_benign']
44,MT,14348,MT-ND6:4541,['NC_012920.1:m.14348T>C'],['Leigh_syndrome'],['Likely_benign']
45,MT,14357,MT-ND6:4541,['NC_012920.1:m.14357A>G'],['Leigh_syndrome'],['Likely_benign']
46,MT,14372,MT-ND6:4541,['NC_012920.1:m.14372C>A'],['Acute_megakaryoblastic_leukemia|Mediastinal_germ_cell_tumor'],['Uncertain_significance']
47,MT,14375,MT-ND6:4541,['NC_012920.1:m.14375A>C'],['Leigh_syndrome'],['Uncertain_significance']
48,MT,14382,MT-ND6:4541,['NC_012920.1:m.14382T>G'],['Leigh_syndrome'],['Uncertain_significance']
49,MT,14384,MT-ND6:4541,['NC_012920.1:m.14384G>A'],['Leigh_syndrome'],['Benign']
50,MT,14393,MT-ND6:4541,['NC_012920.1:m.14393A>G'],['Leigh_syndrome|not_provided'],['Benign/Likely_benign']
51,MT,14405,MT-ND6:4541,['NC_012920.1:m.14405A>G'],['Leigh_syndrome'],['Benign']
52,MT,14417,MT-ND6:4541,['NC_012920.1:m.14417A>G'],['Leigh_syndrome'],['Benign']
53,MT,14420,MT-ND6:4541,['NC_012920.1:m.14420C>T'],['Leigh_syndrome'],['Likely_benign']
54,MT,14423,MT-ND6:4541,['NC_012920.1:m.14423G>A'],['Leigh_syndrome'],['Uncertain_significance']
55,MT,14433,MT-ND6:4541,['NC_012920.1:m.14433C>T'],['Leigh_syndrome'],['Benign']
56,MT,14444,MT-ND6:4541,['NC_012920.1:m.14444T>C'],['Leigh_syndrome'],['Uncertain_significance']
57,MT,14453,MT-ND6:4541,['NC_012920.1:m.14453G>A'],"['Leigh_syndrome|Juvenile_myopathy', '_encephalopathy', '_lactic_acidosis_AND_stroke']",['Likely_pathogenic']
58,MT,14459,MT-ND6:4541,['NC_012920.1:m.14459G>A'],['Leber_optic_atrophy|Leigh_syndrome|Leber_optic_atrophy_and_dystonia|Mitochondrial_disease|Leigh_syndrome_due_to_mitochondrial_complex_I_deficiency'],['Pathogenic']
59,MT,14462,MT-ND6:4541,['NC_012920.1:m.14462G>A'],['Leigh_syndrome'],['Likely_benign']
60,MT,14465,MT-ND6:4541,['NC_012920.1:m.14465G>A'],"['Juvenile_myopathy', '_encephalopathy', '_lactic_acidosis_AND_stroke']",['Likely_pathogenic']
61,MT,14466,MT-ND6:4541,['NC_012920.1:m.14466T>C'],['Leigh_syndrome'],['Uncertain_significance']
62,MT,14468,MT-ND6:4541,['NC_012920.1:m.14468T>C'],['Leigh_syndrome'],['Uncertain_significance']
63,MT,14470,MT-ND6:4541,['NC_012920.1:m.14470T>A'],['not_provided'],['Likely_benign']
64,MT,14476,MT-ND6:4541,['NC_012920.1:m.14476G>A'],['not_provided'],['Benign']
65,MT,14477,MT-ND6:4541,['NC_012920.1:m.14477A>G'],['Headache|Constriction_of_peripheral_visual_field|Paresthesia|Cognitive_impairment|Vertigo|Muscle_spasm|Abnormality_of_brain_morphology'],['Uncertain_significance']
66,MT,14482,MT-ND6:4541,['NC_012920.1:m.14482C>A'],['Leber_optic_atrophy'],['Pathogenic']
67,MT,14482,MT-ND6:4541,['NC_012920.1:m.14482C>G'],['Leber_optic_atrophy'],['Pathogenic']
68,MT,14484,MT-ND6:4541,['NC_012920.1:m.14484T>C'],['Leber_optic_atrophy|Leigh_syndrome|not_provided'],['Pathogenic']
69,MT,14484,MT-ND6:4541,['NC_012920.1:m.14484T>G'],['Leigh_syndrome'],['Uncertain_significance']
70,MT,14487,MT-ND6:4541,['NC_012920.1:m.14487T>C'],"['Leigh_syndrome|Leigh_syndrome_due_to_mitochondrial_complex_I_deficiency|Striatal_necrosis', '_bilateral', '_with_dystonia']",['Pathogenic']
71,MT,14495,MT-ND6:4541,['NC_012920.1:m.14495A>G'],['Leber_optic_atrophy'],['Pathogenic']
72,MT,14498,MT-ND6:4541,['NC_012920.1:m.14498T>C'],['Leber_optic_atrophy|Leigh_syndrome'],['Uncertain_significance']
73,MT,14502,MT-ND6:4541,['NC_012920.1:m.14502T>C'],['Leber_optic_atrophy|Leigh_syndrome'],['Benign']
74,MT,14511,MT-ND6:4541,['NC_012920.1:m.14513_14514del'],['Mitochondrial_disease'],['Pathogenic']
75,MT,14514,MT-ND6:4541,['NC_012920.1:m.14514T>C'],['Leigh_syndrome'],['Benign']
76,MT,14523,MT-ND6:4541,['NC_012920.1:m.14523T>C'],['Leigh_syndrome'],['Uncertain_significance']
77,MT,14529,MT-ND6:4541,['NC_012920.1:m.14529C>T'],['Leigh_syndrome'],['Likely_benign']
78,MT,14544,MT-ND6:4541,['NC_012920.1:m.14544G>T'],['Leigh_syndrome'],['Uncertain_significance']
79,MT,14552,MT-ND6:4541,['NC_012920.1:m.14552A>G'],['Leigh_syndrome'],['Benign']
80,MT,14553,MT-ND6:4541,['NC_012920.1:m.14553C>T'],['Leigh_syndrome'],['Benign']
81,MT,14562,MT-ND6:4541,['NC_012920.1:m.14562C>T'],['Leigh_syndrome'],['Benign']
82,MT,14563,MT-ND6:4541,['NC_012920.1:m.14563C>T'],['Mitochondrial_cytopathy'],['Uncertain_significance']
83,MT,14564,MT-ND6:4541,['NC_012920.1:m.14564A>G'],['Leigh_syndrome'],['Likely_benign']
84,MT,14568,MT-ND6:4541,['NC_012920.1:m.14568C>T'],['Leber_optic_atrophy'],['Pathogenic']
85,MT,14571,MT-ND6:4541,['NC_012920.1:m.14571T>A'],['Leigh_syndrome'],['Benign']
86,MT,14573,MT-ND6:4541,['NC_012920.1:m.14573A>G'],['Leigh_syndrome'],['Uncertain_significance']
87,MT,14574,MT-ND6:4541,['NC_012920.1:m.14574C>T'],['Leigh_syndrome'],['Benign']
88,MT,14576,MT-ND6:4541,['NC_012920.1:m.14576A>G'],['Leigh_syndrome'],['Uncertain_significance']
89,MT,14577,MT-ND6:4541,['NC_012920.1:m.14577T>C'],['Leigh_syndrome'],['Benign']
90,MT,14577,MT-ND6:4541,['NC_012920.1:m.14577T>G'],['Leigh_syndrome'],['Likely_benign']
91,MT,14582,MT-ND6:4541,['NC_012920.1:m.14582A>G'],['Leigh_syndrome'],['Benign']
92,MT,14596,MT-ND6:4541,['NC_012920.1:m.14596A>T'],['Leber_optic_atrophy|Leber_optic_atrophy_and_dystonia'],['Pathogenic']
93,MT,14597,MT-ND6:4541,['NC_012920.1:m.14597A>G'],['Dysarthria|Dystonia|Leigh_syndrome'],['Conflicting_interpretations_of_pathogenicity']
94,MT,14598,MT-ND6:4541,['NC_012920.1:m.14598T>C'],['Blindness|Parkinsonism|Leigh_syndrome'],['Conflicting_interpretations_of_pathogenicity']
95,MT,14601,MT-ND6:4541,['NC_012920.1:m.14601G>A'],['Leigh_syndrome'],['Uncertain_significance']
96,MT,14615,MT-ND6:4541,['NC_012920.1:m.14615G>A'],['Leigh_syndrome'],['Uncertain_significance']
97,MT,14619,MT-ND6:4541,['NC_012920.1:m.14619A>G'],['Leigh_syndrome'],['Uncertain_significance']
98,MT,14627,MT-ND6:4541,['NC_012920.1:m.14627A>G'],['Leigh_syndrome'],['Uncertain_significance']
99,MT,14633,MT-ND6:4541,['NC_012920.1:m.14633A>G'],['Leigh_syndrome|not_provided'],['Conflicting_interpretations_of_pathogenicity']
100,MT,14634,MT-ND6:4541,['NC_012920.1:m.14634T>C'],['Leigh_syndrome'],['Benign']
101,MT,14660,MT-ND6:4541,['NC_012920.1:m.14660A>G'],['Leigh_syndrome'],['Uncertain_significance']
102,MT,14663,MT-ND6:4541,['NC_012920.1:m.14663G>A'],['Mitochondrial_DNA-related_disorder'],['not_provided']
103,MT,14667,MT-ND6:4541,['NC_012920.1:m.14667A>G'],['Leigh_syndrome'],['Uncertain_significance']
104,MT,14670,MT-ND6:4541,['NC_012920.1:m.14670T>C'],['Leigh_syndrome'],['Uncertain_significance']
